Post ID,Account ID,Account username,Account name,Description,Duration (sec),Publish time,Permalink,Post type,Data comment,Date,Views,Reach,Likes,Shares,Follows,Comments,Saves
1.81064E+16,1.78414E+16,alex__walks,Alex walks- حكاية شط,"ده جزء التاني من قصة قلعة قايتباي 😍😍
اكتبولنا في التعليقات👇👇👇 يا تري أليكس حياخدكم فين الريل اللي جاي ؟؟ 😉😉😉
#اسكندرية #tours #tourisme #askingalexandria #alexandria #alexa",142,4/17/2026 9:02,https://www.instagram.com/reel/DXPR6jDCIkg/,IG reel,,Lifetime,332,213,33,7,0,18,0
1.80919E+16,1.78414E+16,alex__walks,Alex walks- حكاية شط,"🤍
القلعة بعيون اليكس 👀
#alexandria #ExploreAlexandria #travelphotography #travel #مصر",0,4/18/2026 4:13,https://www.instagram.com/p/DXRVuMICFYq/,IG carousel,,Lifetime,315,129,33,17,0,22,0
1.7907E+16,1.78414E+16,alex__walks,Alex walks- حكاية شط,"بما ان تصوير اليكس عجبكم انا لقيت الصور دي كمان 😳

اخليه يصور فين تاني ؟؟ ولا اسحب منه التليفون 🤭

القلعة بعيون اليكس بارت ٢ 💙
#alexwalks #travel #egypt #alexandria #exploreegypt",0,4/19/2026 9:40,https://www.instagram.com/p/DXUf4o7iADU/,IG carousel,,Lifetime,333,135,37,20,4,23,1
1.79531E+16,1.78414E+16,alex__walks,Alex walks- حكاية شط,#اسكندرية #egypt  #alexandria  #alexwalks  #tourism,0,4/20/2026 10:51,https://www.instagram.com/reel/DXXMHX1CFy0/,IG reel,,Lifetime,623,422,35,21,4,15,1
1.83875E+16,1.78414E+16,alex__walks,Alex walks- حكاية شط,"اليكس بيزاكر عشان بيجهزلكم مسابقة 
سؤال من تاريخ القلعة اتقال في الريل 😉

استنوا المسابقة الساعة 8
و لو لسة مشفتش الريلز الحق اتفرج عليها قبل معاد المسابقة 
part 1:
https://www.facebook.com/share/v/1Hk3xnJoWT/

 part2 :

https://www.facebook.com/share/v/1Djj77RAVq/",0,4/21/2026 9:58,https://www.instagram.com/p/DXZrkMyHD5u/,IG image,,Lifetime,130,55,12,1,0,1,0
1.80506E+16,1.78414E+16,alex__walks,Alex walks- حكاية شط,"#tourists #tourist #قلعة_قايتباي
#اسكندرية
#تاريخ_مصر
#اماكن_اثرية
#سياحة_مصر
#اعرف_بلدك
#جولات_اسكندرية
#LexWalks
#معلومات_تاريخية
#ExploreEgypt
#EgyptHistory
#Alexandria",0,4/21/2026 11:01,https://www.instagram.com/p/DXZyz3JiAvU/,IG image,,Lifetime,144,65,11,2,0,1,0
1.80906E+16,1.78414E+16,alex__walks,Alex walks- حكاية شط,"الفايزين في مسابقة قلعة قايتباي ❤️ 
استنوا الفيديو اللي جاي شوفو اليكس قضى الويك اند فين 😳

 @ahmed_sobhy206 @esraa_ro2a95 @salma_adel_eladrosey @aya_alaa16 @nohasattar1",17,4/23/2026 10:07,https://www.instagram.com/reel/DXe1xILiAxw/,IG reel,,Lifetime,187,118,16,1,1,0,0
1.78956E+16,1.78414E+16,alex__walks,Alex walks- حكاية شط,"تعالى نقضي سوا يوم في بحري مع أليكس زي ما طلبتوا مننا 
شكر خاص لصديقنا ندى حسنى  على مشاركتها لينا في تصوير الفيديو ❤😍❤😍

قولولنا في الكومنتات بتقضوا الويك اند ازاي 👇👇
يا ترى تحبوا أليكس يروح فين المرة اللي جاية؟؟
 #Alexandria #AlexWalks #touring #tourism #egyptian",0,4/23/2026 14:17,https://www.instagram.com/reel/DXfSM8OCAd-/,IG reel,,Lifetime,332,223,29,12,0,7,0
1.80013E+16,1.78414E+16,alex__walks,Alex walks- حكاية شط,عيد تأسيس مدينة الأسكندرية على يد الاسكندر الأكبر.  ٢٤ ابريل ٢٠٢٦.🩵. #alexwalks #alexandria #sea #مصر #egypt,0,4/24/2026 12:43,https://www.instagram.com/p/DXhs32eCEOl/,IG carousel,,Lifetime,630,361,23,6,0,12,0
1.81342E+16,1.78414E+16,alex__walks,Alex walks- حكاية شط,"⁨	لن تجد بلاداً ولا بحوراً أخرى - فسوف تلاحقك المدينة - ستهيم في نفس الشوارع"". قسطنطين كفافيس.  عيد تأسيس مدينة الإسكندرية 🏛️
حكاية مدينة… عمرها ما بتخلص.

#الإسكندرية #عيد_تأسيس_الإسكندرية #alexwalks  #Alexandria #Egypt⁩",65,4/26/2026 9:36,https://www.instagram.com/reel/DXmgId4CL1Y/,IG reel,,Lifetime,321,218,30,38,1,7,0
1.85835E+16,1.78414E+16,alex__walks,Alex walks- حكاية شط,"ياترى اليكس واخدنا ورايح فين النهاردة؟
لو تعرفوا المكان اكتبولنا اسمه في الكومنتات و قولولنا زورتوه قبل كده ولا لا🩵. #alexwalks #alexandria #visitegypt #مصر #اسكندر",0,4/30/2026 5:52,https://www.instagram.com/p/DXwaNK6iBiK/,IG image,,Lifetime,83,37,9,0,0,0,0
1.78726E+16,1.78414E+16,alex__walks,Alex walks- حكاية شط,اخدنا اليكس عامود السواري و انبهر بقصته واصر يجي يحكيهالكم  تعرفوا ليه اتسمى عامود السواري ؟ تابعو قصة اليكس عشان تعرفوا واكتبولنا في الكومنتات لو زورتوا عامود السواري قبل كده 📸. #alexwalks #alexandria #egypt #discoveregypt #exploreegypt,0,4/30/2026 8:35,https://www.instagram.com/reel/DXwqJQEoLFE/,IG reel,,Lifetime,130,87,16,1,0,4,0
1.83236E+16,1.78414E+16,alex__walks,Alex walks- حكاية شط,"يلا بينا نكمل رحلتنا في عمود السواري مع اليكس و نشوف معلومة النهاردة عشان المسابقة الجاية اجابتها في الريل ده😉
تحبوا المسابقة تكون امتى؟ قولولنا في الكومنتات 🤍
The mystery continues…
What secrets are hidden beneath Pompey’s Pillar in Alexandria? 🏛️
Follow the journey as we uncover clues, ancient maps, and lost history in Part 2 of the adventure!

📍 Serapeum Site – Alexandria, Egypt
 Treasure. History. Discovery.
#alexwalks #egyptian #explorepages #اسكندرية #tours #tourists #traveldiaries #archeology #historylovers",0,5/2/2026 11:44,https://www.instagram.com/reel/DX2L9zFy923/,IG reel,,Lifetime,253,156,43,109,6,11,0
1.85822E+16,1.78414E+16,alex__walks,Alex walks- حكاية شط,الجزء التالت والأخير من زيارة اليكس لعمود السواري قولولنا رايكم في الكومنتات واستنو المسابقة بكرة ان شاءالله في نفس المعاد و تحبوا ناخد اليكس فين المرة الجاية؟ 🤍. #alexwalks #akexandria #discover #travel #exploreegypt,0,5/4/2026 8:17,https://www.instagram.com/reel/DX691fZIyWV/,IG reel,,Lifetime,209,169,15,0,0,1,0
1.80881E+16,1.78414E+16,alex__walks,Alex walks- حكاية شط,"سؤال اليوم لعشّاق التاريخ والحضارة الفرعونية!

هل تعرف أين يوجد حاليًا تمثال سيرابيس الأصلي؟ 🤔

الإله سيرابيس كان من أهم الرموز الدينية في مصر القديمة والإسكندرية، ووراه قصة مثيرة تجمع بين الحضارة المصرية واليونانية 

👇 شاركنا إجابتك في التعليقات
🎉 وهيتم الإعلان عن الفائز قريبًا

 اكتشف أسرار التاريخ مع حكاية شط | Alex Walks
شارك معلوماتك وخلي غيرك يستفيد
 #Alexandria #AlexWalks #travelph #traveltips #travel_captures #alexandria #storyteller",0,5/5/2026 10:22,https://www.instagram.com/p/DX9xe0uiGRj/,IG image,,Lifetime,59,26,5,0,0,0,0
1.81691E+16,1.78414E+16,alex__walks,Alex walks- حكاية شط,"شكرا لكل اللي شاركونا في المسابقة… نسيبكم مع اعلان اسماء الفائزين في الفيديو زي ما بنعمل دايما ، نتمنى يعجبكم و استنونا في مسابقة جديدة 🤍. #alexwalks #مسلسل #مصر #اسكندرية #fypシ❤️💞❤️",40,5/6/2026 8:06,https://www.instagram.com/reel/DYAF-HfIUrZ/,IG reel,,Lifetime,265,197,11,1,0,4,0
1.81317E+16,1.78414E+16,alex__walks,Alex walks- حكاية شط,لفوا الموبايل و استمتعوا بجمال الغروب في اسكندرية عالبحر 🧡🩵. #alexandria #explore #egypt #sunset #alexwalks,0,5/9/2026 9:52,https://www.instagram.com/reel/DYIA5S_IjdM/,IG reel,,Lifetime,595,395,41,123,1,14,1
1.80958E+16,1.78414E+16,alex__walks,Alex walks- حكاية شط,"الإسكندرية لا تستقبل ضيوفها كأي مدينة… فمؤسسها بنفسه عاد للترحيب 🇫🇷⚔️

في مشهد إبداعي يمزج بين التاريخ والواقع، نتخيّل الإسكندر الأكبر وهو يستقبل الرئيس الفرنسي إيمانويل ماكرون في المدينة التي حملت اسمه لأكثر من ألفي عام 
Emmanuel Macron  C’est un honneur de vous accueillir ici

Alexandrie n’accueille pas ses invités comme n’importe quelle ville… son fondateur lui-même est revenu pour souhaiter la bienvenue 

Dans une scène créative mêlant histoire et réalité, nous imaginons Alexandre le Grand accueillant le président français Emmanuel Macron dans la ville qui porte son nom depuis plus de deux mille ans

#Alexandria #Macron #AlexanderTheGreat #Egypt #AlexWalks #مصر #egyptian",0,5/10/2026 9:11,https://www.instagram.com/p/DYKhPgiCOEa/,IG image,,Lifetime,145,74,10,1,0,1,0
1.78684E+16,1.78414E+16,alex__walks,Alex walks- حكاية شط,"إيه اللي بيحصل ؟؟؟؟؟ 😲😲😲😲

 #اسكندرية
#السياحة #مصر #Egypt 
#AlexanderTheGreat 
#fypシ  #viralreels
#explore",29,4/15/2026 9:00,https://www.instagram.com/p/DXKIMHojeUS/,IG reel,,Lifetime,,182,54,2,9,41,0
1.81046E+16,1.78414E+16,alex__walks,Alex walks- حكاية شط,قوللنا كنت تعرف المعلومات دي قبل كده ولا لأ؟  استنو الجزء التاني  #مصر #explore #اسكندرية #egypt #alexanderthegreat,0,4/16/2026 10:22,https://www.instagram.com/reel/DXM0OUZCPIA/,IG reel,,Lifetime,960,800,41,30,5,33,2
